<PAMDataset>
  <Metadata>
    <MDI key="DataType">Generic</MDI>
  </Metadata>
  <PAMRasterBand band="1">
    <Description>Band_1</Description>
    <Histograms>
      <HistItem>
        <HistMin>228</HistMin>
        <HistMax>251</HistMax>
        <BucketCount>256</BucketCount>
        <IncludeOutOfRange>1</IncludeOutOfRange>
        <Approximate>0</Approximate>
        <HistCounts>1600|0|0|0|0|0|0|0|0|0|0|16825|0|0|0|0|0|0|0|0|0|0|8424|0|0|0|0|0|0|0|0|0|0|15936|0|0|0|0|0|0|0|0|0|0|19076|0|0|0|0|0|0|0|0|0|0|28273|0|0|0|0|0|0|0|0|0|0|47517|0|0|0|0|0|0|0|0|0|0|81016|0|0|0|0|0|0|0|0|0|0|317821|0|0|0|0|0|0|0|0|0|0|329132|0|0|0|0|0|0|0|0|0|0|340283|0|0|0|0|0|0|0|0|0|0|188789|0|0|0|0|0|0|0|0|0|0|0|101053|0|0|0|0|0|0|0|0|0|0|65874|0|0|0|0|0|0|0|0|0|0|60013|0|0|0|0|0|0|0|0|0|0|57900|0|0|0|0|0|0|0|0|0|0|46760|0|0|0|0|0|0|0|0|0|0|19713|0|0|0|0|0|0|0|0|0|0|21362|0|0|0|0|0|0|0|0|0|0|11006|0|0|0|0|0|0|0|0|0|0|2614|0|0|0|0|0|0|0|0|0|0|1665|0|0|0|0|0|0|0|0|0|0|789|0|0|0|0|0|0|0|0|0|0|0|117</HistCounts>
      </HistItem>
    </Histograms>
    <Metadata>
      <MDI key="BandName">Band_1</MDI>
      <MDI key="RepresentationType">ATHEMATIC</MDI>
      <MDI key="STATISTICS_COVARIANCES">9.202571182711038</MDI>
      <MDI key="STATISTICS_EXCLUDEDVALUES"></MDI>
      <MDI key="STATISTICS_MAXIMUM">251</MDI>
      <MDI key="STATISTICS_MEAN">237.92258956535</MDI>
      <MDI key="STATISTICS_MINIMUM">228</MDI>
      <MDI key="STATISTICS_SKIPFACTORX">1</MDI>
      <MDI key="STATISTICS_SKIPFACTORY">1</MDI>
      <MDI key="STATISTICS_STDDEV">3.0335739949293</MDI>
    </Metadata>
  </PAMRasterBand>
</PAMDataset>
