<?xml version="1.0" encoding="UTF-8"?>
<metadata xml:lang="en"><Esri><CreaDate>20210911</CreaDate><CreaTime>22002200</CreaTime><ArcGISFormat>1.0</ArcGISFormat><SyncOnce>TRUE</SyncOnce><DataProperties><lineage><Process ToolSource="c:\program files (x86)\arcgis\desktop10.6\ArcToolbox\Toolboxes\Spatial Analyst Tools.tbx\Reclassify" Date="20200319" Time="192832">Reclassify Red_River.tif Value "0 0;0 1 1;NODATA 0" D:\Semester_2\Flood_suspect\Manitoba_Data\Red_River_flood_polygon\Study_area_cut\Red_River_rc.tif DATA</Process></lineage><itemProps><itemLocation><linkage Sync="TRUE">file://\\LAPTOP-BT4VTK39\D$\Semester_2\Flood_suspect\Manitoba_Data\CDEM\dataset\Study_area_cuts\For_Github\Red_River_rc.tif</linkage><protocol Sync="TRUE">Local Area Network</protocol></itemLocation></itemProps><copyHistory><copy source="D:\Semester_2\Flood_suspect\Manitoba_Data\Red_River_flood_polygon\Study_area_cut\Red_River_rc.tif" dest="\\LAPTOP-BT4VTK39\D$\Semester_2\Flood_suspect\Manitoba_Data\CDEM\dataset\Study_area_cuts\For_Github\Red_River_rc.tif" date="20210911" time="22002200"></copy></copyHistory></DataProperties></Esri></metadata>
