<?xml version="1.0" encoding="UTF-8"?>
<metadata xml:lang="en"><Esri><CreaDate>20210911</CreaDate><CreaTime>22130300</CreaTime><ArcGISFormat>1.0</ArcGISFormat><SyncOnce>TRUE</SyncOnce><DataProperties><itemProps><itemLocation><linkage Sync="TRUE">file://\\LAPTOP-BT4VTK39\D$\Semester_2\Flood_suspect\Manitoba_Data\CDEM\dataset\Study_area_cuts\For_Github\Study_area</linkage><protocol Sync="TRUE">Local Area Network</protocol></itemLocation></itemProps><copyHistory><copy source="D:\Semester_2\Flood_suspect\Manitoba_Data\Study_area_Sample_points\Study_area" dest="\\LAPTOP-BT4VTK39\D$\Semester_2\Flood_suspect\Manitoba_Data\CDEM\dataset\Study_area_cuts\For_Github\Study_area" date="20210911" time="22130300"></copy></copyHistory></DataProperties></Esri></metadata>
